Name,Context,Value
dei:EntityCentralIndexKey,c-1,0001318605
dei:CurrentFiscalYearEndDate,c-1,12-31
dei:AmendmentFlag,c-1,false
dei:DocumentFiscalYearFocus,c-1,2024
dei:DocumentFiscalPeriodFocus,c-1,Q2
ecd:TrdArrDuration,c-335,457
dei:DocumentType,c-1,10-Q
dei:DocumentQuarterlyReport,c-1,x
dei:DocumentPeriodEndDate,c-1,"June 30, 2024"
dei:DocumentTransitionReport,c-1,o
dei:EntityFileNumber,c-1,001-34756
dei:EntityRegistrantName,c-1,"Tesla, Inc."
dei:EntityIncorporationStateCountryCode,c-1,Texas
dei:EntityTaxIdentificationNumber,c-1,91-2197729
dei:EntityAddressAddressLine1,c-1,1 Tesla Road
dei:EntityAddressCityOrTown,c-1,Austin
dei:EntityAddressStateOrProvince,c-1,Texas
dei:EntityAddressPostalZipCode,c-1,78725
dei:CityAreaCode,c-1,512
dei:LocalPhoneNumber,c-1,516-8177
dei:Security12bTitle,c-1,Common stock
dei:TradingSymbol,c-1,TSLA
dei:SecurityExchangeName,c-1,The Nasdaq Global Select Market
dei:EntityCurrentReportingStatus,c-1,Yes
dei:EntityInteractiveDataCurrent,c-1,Yes
dei:EntityFilerCategory,c-1,Large accelerated filer
dei:EntitySmallBusiness,c-1,o
dei:EntityEmergingGrowthCompany,c-1,o
dei:EntityShellCompany,c-1,x
dei:EntityCommonStockSharesOutstanding,c-2,"3,194,640,415"
us-gaap:CashAndCashEquivalentsAtCarryingValue,c-3,"14,635"
us-gaap:CashAndCashEquivalentsAtCarryingValue,c-4,"16,398"
us-gaap:ShortTermInvestments,c-3,"16,085"
us-gaap:ShortTermInvestments,c-4,"12,696"
us-gaap:AccountsReceivableNetCurrent,c-3,"3,737"
us-gaap:AccountsReceivableNetCurrent,c-4,"3,508"
us-gaap:InventoryNet,c-3,"14,195"
us-gaap:InventoryNet,c-4,"13,626"
us-gaap:PrepaidExpenseAndOtherAssetsCurrent,c-3,"4,325"
us-gaap:PrepaidExpenseAndOtherAssetsCurrent,c-4,"3,388"
us-gaap:AssetsCurrent,c-3,"52,977"
us-gaap:AssetsCurrent,c-4,"49,616"
us-gaap:DeferredCostsLeasingNetNoncurrent,c-5,"5,541"
us-gaap:DeferredCostsLeasingNetNoncurrent,c-6,"5,989"
tsla:LeasedAssetsNet,c-7,"5,102"
tsla:LeasedAssetsNet,c-8,"5,229"
us-gaap:PropertyPlantAndEquipmentNet,c-3,"32,902"
us-gaap:PropertyPlantAndEquipmentNet,c-4,"29,725"
us-gaap:OperatingLeaseRightOfUseAsset,c-3,"4,563"
us-gaap:OperatingLeaseRightOfUseAsset,c-4,"4,180"
tsla:DigitalAssetsNetNonCurrent,c-3,184
tsla:DigitalAssetsNetNonCurrent,c-4,184
us-gaap:IntangibleAssetsNetExcludingGoodwill,c-3,164
us-gaap:IntangibleAssetsNetExcludingGoodwill,c-4,178
us-gaap:Goodwill,c-3,249
us-gaap:Goodwill,c-4,253
us-gaap:DeferredIncomeTaxAssetsNet,c-3,"6,692"
us-gaap:DeferredIncomeTaxAssetsNet,c-4,"6,733"
us-gaap:OtherAssetsNoncurrent,c-3,"4,458"
us-gaap:OtherAssetsNoncurrent,c-4,"4,531"
us-gaap:Assets,c-3,"112,832"
us-gaap:Assets,c-4,"106,618"
us-gaap:AccountsPayableCurrent,c-3,"13,056"
us-gaap:AccountsPayableCurrent,c-4,"14,431"
tsla:AccruedAndOtherCurrentLiabilities,c-3,"9,616"
tsla:AccruedAndOtherCurrentLiabilities,c-4,"9,080"
us-gaap:ContractWithCustomerLiabilityCurrent,c-3,"2,793"
us-gaap:ContractWithCustomerLiabilityCurrent,c-4,"2,864"
tsla:LongTermDebtAndFinanceLeasesCurrent,c-3,"2,264"
tsla:LongTermDebtAndFinanceLeasesCurrent,c-4,"2,373"
us-gaap:LiabilitiesCurrent,c-3,"27,729"
us-gaap:LiabilitiesCurrent,c-4,"28,748"
tsla:LongTermDebtAndFinanceLeasesNoncurrent,c-3,"5,481"
tsla:LongTermDebtAndFinanceLeasesNoncurrent,c-4,"2,857"
us-gaap:ContractWithCustomerLiabilityNoncurrent,c-3,"3,357"
us-gaap:ContractWithCustomerLiabilityNoncurrent,c-4,"3,251"
us-gaap:OtherLiabilitiesNoncurrent,c-3,"9,002"
us-gaap:OtherLiabilitiesNoncurrent,c-4,"8,153"
us-gaap:Liabilities,c-3,"45,569"
us-gaap:Liabilities,c-4,"43,009"
us-gaap:CommitmentsAndContingencies,c-3,N/A
us-gaap:CommitmentsAndContingencies,c-4,N/A
us-gaap:RedeemableNoncontrollingInterestEquityCarryingAmount,c-3,72
us-gaap:RedeemableNoncontrollingInterestEquityCarryingAmount,c-4,242
us-gaap:PreferredStockParOrStatedValuePerShare,c-3,N/A
us-gaap:PreferredStockParOrStatedValuePerShare,c-4,0.001
us-gaap:PreferredStockSharesAuthorized,c-4,N/A
us-gaap:PreferredStockSharesAuthorized,c-3,100
us-gaap:PreferredStockSharesIssued,c-3,N/A
us-gaap:PreferredStockSharesIssued,c-4,N/A
us-gaap:PreferredStockSharesOutstanding,c-4,N/A
us-gaap:PreferredStockSharesOutstanding,c-3,no
us-gaap:PreferredStockValue,c-3,—
us-gaap:PreferredStockValue,c-4,—
us-gaap:CommonStockParOrStatedValuePerShare,c-4,N/A
us-gaap:CommonStockParOrStatedValuePerShare,c-3,0.001
us-gaap:CommonStockSharesAuthorized,c-3,N/A
us-gaap:CommonStockSharesAuthorized,c-4,"6,000"
us-gaap:CommonStockSharesIssued,c-3,N/A
us-gaap:CommonStockSharesOutstanding,c-3,"3,194"
us-gaap:CommonStockSharesOutstanding,c-4,N/A
us-gaap:CommonStockSharesIssued,c-4,"3,185"
us-gaap:CommonStockValue,c-3,3
us-gaap:CommonStockValue,c-4,3
us-gaap:AdditionalPaidInCapitalCommonStock,c-3,"36,443"
us-gaap:AdditionalPaidInCapitalCommonStock,c-4,"34,892"
us-gaap:AccumulatedOtherComprehensiveIncomeLossNetOfTax,c-3,467
us-gaap:AccumulatedOtherComprehensiveIncomeLossNetOfTax,c-4,143
us-gaap:RetainedEarningsAccumulatedDeficit,c-3,"30,489"
us-gaap:RetainedEarningsAccumulatedDeficit,c-4,"27,882"
us-gaap:StockholdersEquity,c-3,"66,468"
us-gaap:StockholdersEquity,c-4,"62,634"
us-gaap:MinorityInterest,c-3,723
us-gaap:MinorityInterest,c-4,733
us-gaap:LiabilitiesAndStockholdersEquity,c-3,"112,832"
us-gaap:LiabilitiesAndStockholdersEquity,c-4,"106,618"
us-gaap:RevenueFromContractWithCustomerExcludingAssessedTax,c-9,"18,530"
us-gaap:RevenueFromContractWithCustomerExcludingAssessedTax,c-10,"20,419"
us-gaap:RevenueFromContractWithCustomerExcludingAssessedTax,c-11,"34,990"
us-gaap:RevenueFromContractWithCustomerExcludingAssessedTax,c-12,"39,297"
us-gaap:RevenueFromContractWithCustomerExcludingAssessedTax,c-13,890
us-gaap:RevenueFromContractWithCustomerExcludingAssessedTax,c-14,282
us-gaap:RevenueFromContractWithCustomerExcludingAssessedTax,c-15,"1,332"
us-gaap:RevenueFromContractWithCustomerExcludingAssessedTax,c-16,803
us-gaap:RevenueFromContractWithCustomerExcludingAssessedTax,c-17,458
us-gaap:RevenueFromContractWithCustomerExcludingAssessedTax,c-18,567
us-gaap:RevenueFromContractWithCustomerExcludingAssessedTax,c-19,934
us-gaap:RevenueFromContractWithCustomerExcludingAssessedTax,c-20,"1,131"
us-gaap:RevenueFromContractWithCustomerExcludingAssessedTax,c-21,"19,878"
us-gaap:RevenueFromContractWithCustomerExcludingAssessedTax,c-22,"21,268"
us-gaap:RevenueFromContractWithCustomerExcludingAssessedTax,c-23,"37,256"
us-gaap:RevenueFromContractWithCustomerExcludingAssessedTax,c-24,"41,231"
us-gaap:RevenueFromContractWithCustomerExcludingAssessedTax,c-25,"3,014"
us-gaap:RevenueFromContractWithCustomerExcludingAssessedTax,c-26,"1,509"
us-gaap:RevenueFromContractWithCustomerExcludingAssessedTax,c-27,"4,649"
us-gaap:RevenueFromContractWithCustomerExcludingAssessedTax,c-28,"3,038"
us-gaap:RevenueFromContractWithCustomerExcludingAssessedTax,c-29,"2,608"
us-gaap:RevenueFromContractWithCustomerExcludingAssessedTax,c-30,"2,150"
us-gaap:RevenueFromContractWithCustomerExcludingAssessedTax,c-31,"4,896"
us-gaap:RevenueFromContractWithCustomerExcludingAssessedTax,c-32,"3,987"
us-gaap:RevenueFromContractWithCustomerExcludingAssessedTax,c-33,"25,500"
us-gaap:RevenueFromContractWithCustomerExcludingAssessedTax,c-34,"24,927"
us-gaap:RevenueFromContractWithCustomerExcludingAssessedTax,c-1,"46,801"
us-gaap:RevenueFromContractWithCustomerExcludingAssessedTax,c-35,"48,256"
us-gaap:CostOfRevenue,c-9,"15,962"
us-gaap:CostOfRevenue,c-10,"16,841"
us-gaap:CostOfRevenue,c-11,"29,859"
us-gaap:CostOfRevenue,c-12,"32,263"
us-gaap:CostOfRevenue,c-17,245
us-gaap:CostOfRevenue,c-18,338
us-gaap:CostOfRevenue,c-19,514
us-gaap:CostOfRevenue,c-20,671
us-gaap:CostOfRevenue,c-21,"16,207"
us-gaap:CostOfRevenue,c-22,"17,179"
us-gaap:CostOfRevenue,c-23,"30,373"
us-gaap:CostOfRevenue,c-24,"32,934"
us-gaap:CostOfRevenue,c-25,"2,274"
us-gaap:CostOfRevenue,c-26,"1,231"
us-gaap:CostOfRevenue,c-27,"3,506"
us-gaap:CostOfRevenue,c-28,"2,592"
us-gaap:CostOfRevenue,c-29,"2,441"
us-gaap:CostOfRevenue,c-30,"1,984"
us-gaap:CostOfRevenue,c-31,"4,648"
us-gaap:CostOfRevenue,c-32,"3,686"
us-gaap:CostOfRevenue,c-33,"20,922"
us-gaap:CostOfRevenue,c-34,"20,394"
us-gaap:CostOfRevenue,c-1,"38,527"
us-gaap:CostOfRevenue,c-35,"39,212"
us-gaap:GrossProfit,c-33,"4,578"
us-gaap:GrossProfit,c-34,"4,533"
us-gaap:GrossProfit,c-1,"8,274"
us-gaap:GrossProfit,c-35,"9,044"
us-gaap:ResearchAndDevelopmentExpense,c-33,"1,074"
us-gaap:ResearchAndDevelopmentExpense,c-34,943
us-gaap:ResearchAndDevelopmentExpense,c-1,"2,225"
us-gaap:ResearchAndDevelopmentExpense,c-35,"1,714"
us-gaap:SellingGeneralAndAdministrativeExpense,c-33,"1,277"
us-gaap:SellingGeneralAndAdministrativeExpense,c-34,"1,191"
us-gaap:SellingGeneralAndAdministrativeExpense,c-1,"2,651"
us-gaap:SellingGeneralAndAdministrativeExpense,c-35,"2,267"
tsla:RestructuringAndOtherExpenses,c-33,622
tsla:RestructuringAndOtherExpenses,c-34,—
tsla:RestructuringAndOtherExpenses,c-1,622
tsla:RestructuringAndOtherExpenses,c-35,—
us-gaap:OperatingExpenses,c-33,"2,973"
us-gaap:OperatingExpenses,c-34,"2,134"
us-gaap:OperatingExpenses,c-1,"5,498"
us-gaap:OperatingExpenses,c-35,"3,981"
us-gaap:OperatingIncomeLoss,c-33,"1,605"
us-gaap:OperatingIncomeLoss,c-34,"2,399"
us-gaap:OperatingIncomeLoss,c-1,"2,776"
us-gaap:OperatingIncomeLoss,c-35,"5,063"
us-gaap:InvestmentIncomeInterest,c-33,348
us-gaap:InvestmentIncomeInterest,c-34,238
us-gaap:InvestmentIncomeInterest,c-1,698
us-gaap:InvestmentIncomeInterest,c-35,451
us-gaap:InterestExpense,c-33,86
us-gaap:InterestExpense,c-34,28
us-gaap:InterestExpense,c-1,162
us-gaap:InterestExpense,c-35,57
us-gaap:OtherNonoperatingIncomeExpense,c-33,20
us-gaap:OtherNonoperatingIncomeExpense,c-34,328
us-gaap:OtherNonoperatingIncomeExpense,c-1,128
us-gaap:OtherNonoperatingIncomeExpense,c-35,280
us-gaap:IncomeLossFromContinuingOperationsBeforeIncomeTaxesExtraordinaryItemsNoncontrollingInterest,c-33,"1,887"
us-gaap:IncomeLossFromContinuingOperationsBeforeIncomeTaxesExtraordinaryItemsNoncontrollingInterest,c-34,"2,937"
us-gaap:IncomeLossFromContinuingOperationsBeforeIncomeTaxesExtraordinaryItemsNoncontrollingInterest,c-1,"3,440"
us-gaap:IncomeLossFromContinuingOperationsBeforeIncomeTaxesExtraordinaryItemsNoncontrollingInterest,c-35,"5,737"
us-gaap:IncomeTaxExpenseBenefit,c-33,393
us-gaap:IncomeTaxExpenseBenefit,c-34,323
us-gaap:IncomeTaxExpenseBenefit,c-1,802
us-gaap:IncomeTaxExpenseBenefit,c-35,584
us-gaap:ProfitLoss,c-33,"1,494"
us-gaap:ProfitLoss,c-34,"2,614"
us-gaap:ProfitLoss,c-1,"2,638"
us-gaap:ProfitLoss,c-35,"5,153"
us-gaap:NetIncomeLossAttributableToNoncontrollingInterest,c-33,16
us-gaap:NetIncomeLossAttributableToNoncontrollingInterest,c-34,89
us-gaap:NetIncomeLossAttributableToNoncontrollingInterest,c-1,31
us-gaap:NetIncomeLossAttributableToNoncontrollingInterest,c-35,63
us-gaap:NetIncomeLoss,c-33,"1,478"
us-gaap:NetIncomeLoss,c-34,"2,703"
us-gaap:NetIncomeLoss,c-1,"2,607"
us-gaap:NetIncomeLoss,c-35,"5,216"
us-gaap:EarningsPerShareBasic,c-33,0.46
us-gaap:EarningsPerShareBasic,c-34,0.85
us-gaap:EarningsPerShareBasic,c-1,0.83
us-gaap:EarningsPerShareBasic,c-35,1.65
us-gaap:EarningsPerShareDiluted,c-33,0.42
us-gaap:EarningsPerShareDiluted,c-34,0.78
us-gaap:EarningsPerShareDiluted,c-1,0.76
us-gaap:EarningsPerShareDiluted,c-35,1.50
us-gaap:WeightedAverageNumberOfSharesOutstandingBasic,c-33,"3,191"
us-gaap:WeightedAverageNumberOfSharesOutstandingBasic,c-34,"3,171"
us-gaap:WeightedAverageNumberOfSharesOutstandingBasic,c-1,"3,189"
us-gaap:WeightedAverageNumberOfSharesOutstandingBasic,c-35,"3,168"
us-gaap:WeightedAverageNumberOfDilutedSharesOutstanding,c-33,"3,481"
us-gaap:WeightedAverageNumberOfDilutedSharesOutstanding,c-34,"3,478"
us-gaap:WeightedAverageNumberOfDilutedSharesOutstanding,c-1,"3,483"
us-gaap:WeightedAverageNumberOfDilutedSharesOutstanding,c-35,"3,473"
us-gaap:ProfitLoss,c-33,"1,494"
us-gaap:ProfitLoss,c-34,"2,614"
us-gaap:ProfitLoss,c-1,"2,638"
us-gaap:ProfitLoss,c-35,"5,153"
us-gaap:OtherComprehensiveIncomeLossForeignCurrencyTransactionAndTranslationAdjustmentNetOfTax,c-33,72
us-gaap:OtherComprehensiveIncomeLossForeignCurrencyTransactionAndTranslationAdjustmentNetOfTax,c-34,184
us-gaap:OtherComprehensiveIncomeLossForeignCurrencyTransactionAndTranslationAdjustmentNetOfTax,c-1,324
us-gaap:OtherComprehensiveIncomeLossForeignCurrencyTransactionAndTranslationAdjustmentNetOfTax,c-35,54
us-gaap:UnrealizedGainLossOnInvestments,c-33,4
us-gaap:UnrealizedGainLossOnInvestments,c-34,5
us-gaap:UnrealizedGainLossOnInvestments,c-1,—
us-gaap:UnrealizedGainLossOnInvestments,c-35,1
tsla:NetLossRealizedAndIncludedInNetIncome,c-33,—
tsla:NetLossRealizedAndIncludedInNetIncome,c-34,4
tsla:NetLossRealizedAndIncludedInNetIncome,c-1,—
tsla:NetLossRealizedAndIncludedInNetIncome,c-35,4
us-gaap:ComprehensiveIncomeNetOfTaxIncludingPortionAttributableToNoncontrollingInterest,c-33,"1,426"
us-gaap:ComprehensiveIncomeNetOfTaxIncludingPortionAttributableToNoncontrollingInterest,c-34,"2,429"
us-gaap:ComprehensiveIncomeNetOfTaxIncludingPortionAttributableToNoncontrollingInterest,c-1,"2,314"
us-gaap:ComprehensiveIncomeNetOfTaxIncludingPortionAttributableToNoncontrollingInterest,c-35,"5,104"
us-gaap:ComprehensiveIncomeNetOfTaxAttributableToNoncontrollingInterest,c-33,16
us-gaap:ComprehensiveIncomeNetOfTaxAttributableToNoncontrollingInterest,c-34,89
us-gaap:ComprehensiveIncomeNetOfTaxAttributableToNoncontrollingInterest,c-1,31
us-gaap:ComprehensiveIncomeNetOfTaxAttributableToNoncontrollingInterest,c-35,63
us-gaap:ComprehensiveIncomeNetOfTax,c-33,"1,410"
us-gaap:ComprehensiveIncomeNetOfTax,c-34,"2,518"
us-gaap:ComprehensiveIncomeNetOfTax,c-1,"2,283"
us-gaap:ComprehensiveIncomeNetOfTax,c-35,"5,167"
us-gaap:TemporaryEquityCarryingAmountIncludingPortionAttributableToNoncontrollingInterests,c-36,73
us-gaap:SharesIssued,c-37,"3,189"
us-gaap:StockholdersEquityIncludingPortionAttributableToNoncontrollingInterest,c-37,3
us-gaap:StockholdersEquityIncludingPortionAttributableToNoncontrollingInterest,c-38,"35,763"
us-gaap:StockholdersEquityIncludingPortionAttributableToNoncontrollingInterest,c-39,399
us-gaap:StockholdersEquityIncludingPortionAttributableToNoncontrollingInterest,c-40,"29,011"
us-gaap:StockholdersEquityIncludingPortionAttributableToNoncontrollingInterest,c-41,"64,378"
us-gaap:StockholdersEquityIncludingPortionAttributableToNoncontrollingInterest,c-42,729
us-gaap:StockholdersEquityIncludingPortionAttributableToNoncontrollingInterest,c-36,"65,107"
tsla:StockIssuedDuringPeriodSharesEquityIncentiveAwards,c-43,5
tsla:StockIssuedDuringPeriodValueEquityIncentiveAwards,c-44,196
tsla:StockIssuedDuringPeriodValueEquityIncentiveAwards,c-45,196
tsla:StockIssuedDuringPeriodValueEquityIncentiveAwards,c-33,196
us-gaap:AdjustmentsToAdditionalPaidInCapitalSharebasedCompensationRequisiteServicePeriodRecognitionValue,c-44,484
us-gaap:AdjustmentsToAdditionalPaidInCapitalSharebasedCompensationRequisiteServicePeriodRecognitionValue,c-45,484
us-gaap:AdjustmentsToAdditionalPaidInCapitalSharebasedCompensationRequisiteServicePeriodRecognitionValue,c-33,484
tsla:TemporaryEquityDistributionsToNoncontrollingInterests,c-33,2
us-gaap:MinorityInterestDecreaseFromDistributionsToNoncontrollingInterestHolders,c-46,21
us-gaap:MinorityInterestDecreaseFromDistributionsToNoncontrollingInterestHolders,c-33,21
us-gaap:TemporaryEquityNetIncome,c-33,1
tsla:NetIncomeLossIncludingPortionAttributableToRedeemableNonControllingInterestAndNonControllingInterestInSubsidiaries,c-47,"1,478"
tsla:NetIncomeLossIncludingPortionAttributableToRedeemableNonControllingInterestAndNonControllingInterestInSubsidiaries,c-45,"1,478"
tsla:NetIncomeLossIncludingPortionAttributableToRedeemableNonControllingInterestAndNonControllingInterestInSubsidiaries,c-46,15
tsla:NetIncomeLossIncludingPortionAttributableToRedeemableNonControllingInterestAndNonControllingInterestInSubsidiaries,c-33,"1,493"
us-gaap:OtherComprehensiveIncomeLossNetOfTaxPortionAttributableToParent,c-48,68
us-gaap:OtherComprehensiveIncomeLossNetOfTaxPortionAttributableToParent,c-45,68
us-gaap:OtherComprehensiveIncomeLossNetOfTaxPortionAttributableToParent,c-33,68
us-gaap:TemporaryEquityCarryingAmountIncludingPortionAttributableToNoncontrollingInterests,c-3,72
us-gaap:SharesIssued,c-49,"3,194"
us-gaap:StockholdersEquityIncludingPortionAttributableToNoncontrollingInterest,c-49,3
us-gaap:StockholdersEquityIncludingPortionAttributableToNoncontrollingInterest,c-50,"36,443"
us-gaap:StockholdersEquityIncludingPortionAttributableToNoncontrollingInterest,c-51,467
us-gaap:StockholdersEquityIncludingPortionAttributableToNoncontrollingInterest,c-52,"30,489"
us-gaap:StockholdersEquityIncludingPortionAttributableToNoncontrollingInterest,c-53,"66,468"
us-gaap:StockholdersEquityIncludingPortionAttributableToNoncontrollingInterest,c-54,723
us-gaap:StockholdersEquityIncludingPortionAttributableToNoncontrollingInterest,c-3,"67,191"
us-gaap:TemporaryEquityCarryingAmountIncludingPortionAttributableToNoncontrollingInterests,c-4,242
us-gaap:SharesIssued,c-55,"3,185"
us-gaap:StockholdersEquityIncludingPortionAttributableToNoncontrollingInterest,c-55,3
us-gaap:StockholdersEquityIncludingPortionAttributableToNoncontrollingInterest,c-56,"34,892"
us-gaap:StockholdersEquityIncludingPortionAttributableToNoncontrollingInterest,c-57,143
us-gaap:StockholdersEquityIncludingPortionAttributableToNoncontrollingInterest,c-58,"27,882"
us-gaap:StockholdersEquityIncludingPortionAttributableToNoncontrollingInterest,c-59,"62,634"
us-gaap:StockholdersEquityIncludingPortionAttributableToNoncontrollingInterest,c-60,733
us-gaap:StockholdersEquityIncludingPortionAttributableToNoncontrollingInterest,c-4,"63,367"
tsla:StockIssuedDuringPeriodSharesEquityIncentiveAwards,c-61,9
tsla:StockIssuedDuringPeriodValueEquityIncentiveAwards,c-62,447
tsla:StockIssuedDuringPeriodValueEquityIncentiveAwards,c-63,447
tsla:StockIssuedDuringPeriodValueEquityIncentiveAwards,c-1,447
us-gaap:AdjustmentsToAdditionalPaidInCapitalSharebasedCompensationRequisiteServicePeriodRecognitionValue,c-62,"1,062"
us-gaap:AdjustmentsToAdditionalPaidInCapitalSharebasedCompensationRequisiteServicePeriodRecognitionValue,c-63,"1,062"
us-gaap:AdjustmentsToAdditionalPaidInCapitalSharebasedCompensationRequisiteServicePeriodRecognitionValue,c-1,"1,062"
tsla:TemporaryEquityDistributionsToNoncontrollingInterests,c-1,8
us-gaap:MinorityInterestDecreaseFromDistributionsToNoncontrollingInterestHolders,c-64,37
us-gaap:MinorityInterestDecreaseFromDistributionsToNoncontrollingInterestHolders,c-1,37
tsla:TemporaryEquityBuyOutOfNoncontrollingInterests,c-1,166
us-gaap:MinorityInterestDecreaseFromRedemptions,c-62,42
us-gaap:MinorityInterestDecreaseFromRedemptions,c-63,42
us-gaap:MinorityInterestDecreaseFromRedemptions,c-1,42
us-gaap:TemporaryEquityNetIncome,c-1,4
tsla:NetIncomeLossIncludingPortionAttributableToRedeemableNonControllingInterestAndNonControllingInterestInSubsidiaries,c-65,"2,607"
tsla:NetIncomeLossIncludingPortionAttributableToRedeemableNonControllingInterestAndNonControllingInterestInSubsidiaries,c-63,"2,607"
tsla:NetIncomeLossIncludingPortionAttributableToRedeemableNonControllingInterestAndNonControllingInterestInSubsidiaries,c-64,27
tsla:NetIncomeLossIncludingPortionAttributableToRedeemableNonControllingInterestAndNonControllingInterestInSubsidiaries,c-1,"2,634"
us-gaap:OtherComprehensiveIncomeLossNetOfTaxPortionAttributableToParent,c-66,324
us-gaap:OtherComprehensiveIncomeLossNetOfTaxPortionAttributableToParent,c-63,324
us-gaap:OtherComprehensiveIncomeLossNetOfTaxPortionAttributableToParent,c-1,324
us-gaap:TemporaryEquityCarryingAmountIncludingPortionAttributableToNoncontrollingInterests,c-3,72
us-gaap:SharesIssued,c-49,"3,194"
us-gaap:StockholdersEquityIncludingPortionAttributableToNoncontrollingInterest,c-49,3
us-gaap:StockholdersEquityIncludingPortionAttributableToNoncontrollingInterest,c-50,"36,443"
us-gaap:StockholdersEquityIncludingPortionAttributableToNoncontrollingInterest,c-51,467
us-gaap:StockholdersEquityIncludingPortionAttributableToNoncontrollingInterest,c-52,"30,489"
us-gaap:StockholdersEquityIncludingPortionAttributableToNoncontrollingInterest,c-53,"66,468"
us-gaap:StockholdersEquityIncludingPortionAttributableToNoncontrollingInterest,c-54,723
us-gaap:StockholdersEquityIncludingPortionAttributableToNoncontrollingInterest,c-3,"67,191"
us-gaap:TemporaryEquityCarryingAmountIncludingPortionAttributableToNoncontrollingInterests,c-67,407
us-gaap:SharesIssued,c-68,"3,169"
us-gaap:StockholdersEquityIncludingPortionAttributableToNoncontrollingInterest,c-68,3
us-gaap:StockholdersEquityIncludingPortionAttributableToNoncontrollingInterest,c-69,"32,878"
us-gaap:StockholdersEquityIncludingPortionAttributableToNoncontrollingInterest,c-70,225
us-gaap:StockholdersEquityIncludingPortionAttributableToNoncontrollingInterest,c-71,"15,398"
us-gaap:StockholdersEquityIncludingPortionAttributableToNoncontrollingInterest,c-72,"48,054"
us-gaap:StockholdersEquityIncludingPortionAttributableToNoncontrollingInterest,c-73,774
us-gaap:StockholdersEquityIncludingPortionAttributableToNoncontrollingInterest,c-67,"48,828"
tsla:StockIssuedDuringPeriodSharesEquityIncentiveAwards,c-74,5
tsla:StockIssuedDuringPeriodValueEquityIncentiveAwards,c-75,63
tsla:StockIssuedDuringPeriodValueEquityIncentiveAwards,c-76,63
tsla:StockIssuedDuringPeriodValueEquityIncentiveAwards,c-34,63
us-gaap:AdjustmentsToAdditionalPaidInCapitalSharebasedCompensationRequisiteServicePeriodRecognitionValue,c-75,495
us-gaap:AdjustmentsToAdditionalPaidInCapitalSharebasedCompensationRequisiteServicePeriodRecognitionValue,c-76,495
us-gaap:AdjustmentsToAdditionalPaidInCapitalSharebasedCompensationRequisiteServicePeriodRecognitionValue,c-34,495
tsla:TemporaryEquityDistributionsToNoncontrollingInterests,c-34,9
us-gaap:MinorityInterestDecreaseFromDistributionsToNoncontrollingInterestHolders,c-77,28
us-gaap:MinorityInterestDecreaseFromDistributionsToNoncontrollingInterestHolders,c-34,28
tsla:TemporaryEquityBuyOutOfNoncontrollingInterests,c-34,3
us-gaap:TemporaryEquityNetIncome,c-34,107
tsla:NetIncomeLossIncludingPortionAttributableToRedeemableNonControllingInterestAndNonControllingInterestInSubsidiaries,c-78,"2,703"
tsla:NetIncomeLossIncludingPortionAttributableToRedeemableNonControllingInterestAndNonControllingInterestInSubsidiaries,c-76,"2,703"
tsla:NetIncomeLossIncludingPortionAttributableToRedeemableNonControllingInterestAndNonControllingInterestInSubsidiaries,c-77,18
tsla:NetIncomeLossIncludingPortionAttributableToRedeemableNonControllingInterestAndNonControllingInterestInSubsidiaries,c-34,"2,721"
us-gaap:OtherComprehensiveIncomeLossNetOfTaxPortionAttributableToParent,c-79,185
us-gaap:OtherComprehensiveIncomeLossNetOfTaxPortionAttributableToParent,c-76,185
us-gaap:OtherComprehensiveIncomeLossNetOfTaxPortionAttributableToParent,c-34,185
us-gaap:TemporaryEquityCarryingAmountIncludingPortionAttributableToNoncontrollingInterests,c-80,288
us-gaap:SharesIssued,c-81,"3,174"
us-gaap:StockholdersEquityIncludingPortionAttributableToNoncontrollingInterest,c-81,3
us-gaap:StockholdersEquityIncludingPortionAttributableToNoncontrollingInterest,c-82,"33,436"
us-gaap:StockholdersEquityIncludingPortionAttributableToNoncontrollingInterest,c-83,410
us-gaap:StockholdersEquityIncludingPortionAttributableToNoncontrollingInterest,c-84,"18,101"
us-gaap:StockholdersEquityIncludingPortionAttributableToNoncontrollingInterest,c-85,"51,130"
us-gaap:StockholdersEquityIncludingPortionAttributableToNoncontrollingInterest,c-86,764
us-gaap:StockholdersEquityIncludingPortionAttributableToNoncontrollingInterest,c-80,"51,894"
us-gaap:TemporaryEquityCarryingAmountIncludingPortionAttributableToNoncontrollingInterests,c-87,409
us-gaap:SharesIssued,c-88,"3,164"
us-gaap:StockholdersEquityIncludingPortionAttributableToNoncontrollingInterest,c-88,3
us-gaap:StockholdersEquityIncludingPortionAttributableToNoncontrollingInterest,c-89,"32,177"
us-gaap:StockholdersEquityIncludingPortionAttributableToNoncontrollingInterest,c-90,361
us-gaap:StockholdersEquityIncludingPortionAttributableToNoncontrollingInterest,c-91,"12,885"
us-gaap:StockholdersEquityIncludingPortionAttributableToNoncontrollingInterest,c-92,"44,704"
us-gaap:StockholdersEquityIncludingPortionAttributableToNoncontrollingInterest,c-93,785
us-gaap:StockholdersEquityIncludingPortionAttributableToNoncontrollingInterest,c-87,"45,489"
tsla:StockIssuedDuringPeriodSharesEquityIncentiveAwards,c-94,10
tsla:StockIssuedDuringPeriodValueEquityIncentiveAwards,c-95,294
tsla:StockIssuedDuringPeriodValueEquityIncentiveAwards,c-96,294
tsla:StockIssuedDuringPeriodValueEquityIncentiveAwards,c-35,294
us-gaap:AdjustmentsToAdditionalPaidInCapitalSharebasedCompensationRequisiteServicePeriodRecognitionValue,c-95,960
us-gaap:AdjustmentsToAdditionalPaidInCapitalSharebasedCompensationRequisiteServicePeriodRecognitionValue,c-96,960
us-gaap:AdjustmentsToAdditionalPaidInCapitalSharebasedCompensationRequisiteServicePeriodRecognitionValue,c-35,960
tsla:TemporaryEquityDistributionsToNoncontrollingInterests,c-35,14
us-gaap:MinorityInterestDecreaseFromDistributionsToNoncontrollingInterestHolders,c-97,50
us-gaap:MinorityInterestDecreaseFromDistributionsToNoncontrollingInterestHolders,c-35,50
tsla:TemporaryEquityBuyOutOfNoncontrollingInterests,c-35,3
us-gaap:MinorityInterestDecreaseFromRedemptions,c-95,5
us-gaap:MinorityInterestDecreaseFromRedemptions,c-96,5
us-gaap:MinorityInterestDecreaseFromRedemptions,c-97,12
us-gaap:MinorityInterestDecreaseFromRedemptions,c-35,7
us-gaap:TemporaryEquityNetIncome,c-35,104
tsla:NetIncomeLossIncludingPortionAttributableToRedeemableNonControllingInterestAndNonControllingInterestInSubsidiaries,c-98,"5,216"
tsla:NetIncomeLossIncludingPortionAttributableToRedeemableNonControllingInterestAndNonControllingInterestInSubsidiaries,c-96,"5,216"
tsla:NetIncomeLossIncludingPortionAttributableToRedeemableNonControllingInterestAndNonControllingInterestInSubsidiaries,c-97,41
tsla:NetIncomeLossIncludingPortionAttributableToRedeemableNonControllingInterestAndNonControllingInterestInSubsidiaries,c-35,"5,257"
us-gaap:OtherComprehensiveIncomeLossNetOfTaxPortionAttributableToParent,c-99,49
us-gaap:OtherComprehensiveIncomeLossNetOfTaxPortionAttributableToParent,c-96,49
us-gaap:OtherComprehensiveIncomeLossNetOfTaxPortionAttributableToParent,c-35,49
us-gaap:TemporaryEquityCarryingAmountIncludingPortionAttributableToNoncontrollingInterests,c-80,288
us-gaap:SharesIssued,c-81,"3,174"
us-gaap:StockholdersEquityIncludingPortionAttributableToNoncontrollingInterest,c-81,3
us-gaap:StockholdersEquityIncludingPortionAttributableToNoncontrollingInterest,c-82,"33,436"
us-gaap:StockholdersEquityIncludingPortionAttributableToNoncontrollingInterest,c-83,410
us-gaap:StockholdersEquityIncludingPortionAttributableToNoncontrollingInterest,c-84,"18,101"
us-gaap:StockholdersEquityIncludingPortionAttributableToNoncontrollingInterest,c-85,"51,130"
us-gaap:StockholdersEquityIncludingPortionAttributableToNoncontrollingInterest,c-86,764
us-gaap:StockholdersEquityIncludingPortionAttributableToNoncontrollingInterest,c-80,"51,894"
us-gaap:ProfitLoss,c-1,"2,638"
us-gaap:ProfitLoss,c-35,"5,153"
tsla:DepreciationAmortizationAndImpairment,c-1,"2,524"
tsla:DepreciationAmortizationAndImpairment,c-35,"2,200"
us-gaap:ShareBasedCompensation,c-1,963
us-gaap:ShareBasedCompensation,c-35,863
us-gaap:InventoryWriteDown,c-1,146
us-gaap:InventoryWriteDown,c-35,217
us-gaap:ForeignCurrencyTransactionGainLossUnrealized,c-1,90
us-gaap:ForeignCurrencyTransactionGainLossUnrealized,c-35,283
us-gaap:DeferredIncomeTaxExpenseBenefit,c-1,133
us-gaap:DeferredIncomeTaxExpenseBenefit,c-35,203
tsla:NoncashInterestIncomeExpenseAndOtherOperatingActivities,c-1,63
tsla:NoncashInterestIncomeExpenseAndOtherOperatingActivities,c-35,59
us-gaap:IncreaseDecreaseInAccountsReceivable,c-1,285
us-gaap:IncreaseDecreaseInAccountsReceivable,c-35,504
us-gaap:IncreaseDecreaseInInventories,c-1,914
us-gaap:IncreaseDecreaseInInventories,c-35,"2,116"
tsla:IncreaseDecreaseInOperatingLeaseVehicles,c-1,49
tsla:IncreaseDecreaseInOperatingLeaseVehicles,c-35,"1,387"
us-gaap:IncreaseDecreaseInPrepaidDeferredExpenseAndOtherAssets,c-1,"1,630"
us-gaap:IncreaseDecreaseInPrepaidDeferredExpenseAndOtherAssets,c-35,"1,631"
us-gaap:IncreaseDecreaseInAccountsPayableAndAccruedLiabilities,c-1,249
us-gaap:IncreaseDecreaseInAccountsPayableAndAccruedLiabilities,c-35,"2,549"
us-gaap:IncreaseDecreaseInContractWithCustomerLiability,c-1,106
us-gaap:IncreaseDecreaseInContractWithCustomerLiability,c-35,661
us-gaap:NetCashProvidedByUsedInOperatingActivities,c-1,"3,854"
us-gaap:NetCashProvidedByUsedInOperatingActivities,c-35,"5,578"
us-gaap:PaymentsToAcquirePropertyPlantAndEquipment,c-1,"5,043"
us-gaap:PaymentsToAcquirePropertyPlantAndEquipment,c-35,"4,132"
tsla:PaymentsForSolarEnergySystemsNetOfSales,c-1,6
tsla:PaymentsForSolarEnergySystemsNetOfSales,c-35,1
us-gaap:PaymentsToAcquireInvestments,c-1,"14,765"
us-gaap:PaymentsToAcquireInvestments,c-35,"7,090"
us-gaap:ProceedsFromSaleMaturityAndCollectionsOfInvestments,c-1,"11,305"
us-gaap:ProceedsFromSaleMaturityAndCollectionsOfInvestments,c-35,"5,143"
us-gaap:ProceedsFromSaleOfShortTermInvestments,c-1,200
us-gaap:ProceedsFromSaleOfShortTermInvestments,c-35,138
us-gaap:PaymentsToAcquireBusinessesNetOfCashAcquired,c-1,—
us-gaap:PaymentsToAcquireBusinessesNetOfCashAcquired,c-35,76
us-gaap:NetCashProvidedByUsedInInvestingActivities,c-1,"8,309"
us-gaap:NetCashProvidedByUsedInInvestingActivities,c-35,"6,018"
us-gaap:ProceedsFromIssuanceOfDebt,c-1,"3,895"
us-gaap:ProceedsFromIssuanceOfDebt,c-35,—
us-gaap:RepaymentsOfConvertibleDebt,c-1,"1,222"
us-gaap:RepaymentsOfConvertibleDebt,c-35,543
us-gaap:ProceedsFromIssuanceOfSharesUnderIncentiveAndShareBasedCompensationPlansIncludingStockOptions,c-1,448
us-gaap:ProceedsFromIssuanceOfSharesUnderIncentiveAndShareBasedCompensationPlansIncludingStockOptions,c-35,294
us-gaap:FinanceLeasePrincipalPayments,c-1,206
us-gaap:FinanceLeasePrincipalPayments,c-35,222
us-gaap:PaymentsOfDebtIssuanceCosts,c-1,5
us-gaap:PaymentsOfDebtIssuanceCosts,c-35,13
us-gaap:PaymentsToMinorityShareholders,c-1,50
us-gaap:PaymentsToMinorityShareholders,c-35,67
tsla:PaymentsForBuyOutsOfNoncontrollingInterestsInSubsidiaries,c-1,124
tsla:PaymentsForBuyOutsOfNoncontrollingInterestsInSubsidiaries,c-35,10
us-gaap:NetCashProvidedByUsedInFinancingActivities,c-1,"2,736"
us-gaap:NetCashProvidedByUsedInFinancingActivities,c-35,561
us-gaap:EffectOfExchangeRateOnCashCashEquivalentsRestrictedCashAndRestrictedCashEquivalentsIncludingDisposalGroupAndDiscontinuedOperations,c-1,116
us-gaap:EffectOfExchangeRateOnCashCashEquivalentsRestrictedCashAndRestrictedCashEquivalentsIncludingDisposalGroupAndDiscontinuedOperations,c-35,44
us-gaap:CashCashEquivalentsRestrictedCashAndRestrictedCashEquivalentsPeriodIncreaseDecreaseIncludingExchangeRateEffect,c-1,"1,835"
us-gaap:CashCashEquivalentsRestrictedCashAndRestrictedCashEquivalentsPeriodIncreaseDecreaseIncludingExchangeRateEffect,c-35,"1,045"
us-gaap:CashCashEquivalentsRestrictedCashAndRestrictedCashEquivalentsIncludingDisposalGroupAndDiscontinuedOperations,c-4,"17,189"
us-gaap:CashCashEquivalentsRestrictedCashAndRestrictedCashEquivalentsIncludingDisposalGroupAndDiscontinuedOperations,c-87,"16,924"
us-gaap:CashCashEquivalentsRestrictedCashAndRestrictedCashEquivalentsIncludingDisposalGroupAndDiscontinuedOperations,c-3,"15,354"
us-gaap:CashCashEquivalentsRestrictedCashAndRestrictedCashEquivalentsIncludingDisposalGroupAndDiscontinuedOperations,c-80,"15,879"
us-gaap:NoncashOrPartNoncashAcquisitionValueOfAssetsAcquired1,c-1,"2,099"
us-gaap:NoncashOrPartNoncashAcquisitionValueOfAssetsAcquired1,c-35,"1,831"
us-gaap:RightOfUseAssetObtainedInExchangeForFinanceLeaseLiability,c-1,28
us-gaap:RightOfUseAssetObtainedInExchangeForFinanceLeaseLiability,c-35,4
us-gaap:RightOfUseAssetObtainedInExchangeForOperatingLeaseLiability,c-1,797
us-gaap:RightOfUseAssetObtainedInExchangeForOperatingLeaseLiability,c-35,"1,083"
us-gaap:SignificantAccountingPoliciesTextBlock,c-1,Overview & Summary of Significant Accounting Policies
tsla:UnauditedInterimFinancialStatementPolicyTextBlock,c-1,N/A
us-gaap:PriorPeriodReclassificationAdjustmentDescription,c-1,N/A
us-gaap:RevenueRecognitionPolicyTextBlock,c-1,N/A
us-gaap:DisaggregationOfRevenueTableTextBlock,c-1,N/A
us-gaap:RevenueFromContractWithCustomerExcludingAssessedTax,c-9,"18,530"
us-gaap:RevenueFromContractWithCustomerExcludingAssessedTax,c-10,"20,419"
us-gaap:RevenueFromContractWithCustomerExcludingAssessedTax,c-11,"34,990"
us-gaap:RevenueFromContractWithCustomerExcludingAssessedTax,c-12,"39,297"
us-gaap:RevenueFromContractWithCustomerExcludingAssessedTax,c-13,890
us-gaap:RevenueFromContractWithCustomerExcludingAssessedTax,c-14,282
us-gaap:RevenueFromContractWithCustomerExcludingAssessedTax,c-15,"1,332"
us-gaap:RevenueFromContractWithCustomerExcludingAssessedTax,c-16,803
us-gaap:RevenueFromContractWithCustomerExcludingAssessedTax,c-100,"2,866"
us-gaap:RevenueFromContractWithCustomerExcludingAssessedTax,c-101,"1,359"
us-gaap:RevenueFromContractWithCustomerExcludingAssessedTax,c-102,"4,388"
us-gaap:RevenueFromContractWithCustomerExcludingAssessedTax,c-103,"2,772"
us-gaap:RevenueFromContractWithCustomerExcludingAssessedTax,c-29,"2,608"
us-gaap:RevenueFromContractWithCustomerExcludingAssessedTax,c-30,"2,150"
us-gaap:RevenueFromContractWithCustomerExcludingAssessedTax,c-31,"4,896"
us-gaap:RevenueFromContractWithCustomerExcludingAssessedTax,c-32,"3,987"
us-gaap:RevenueFromContractWithCustomerExcludingAssessedTax,c-104,"24,894"
us-gaap:RevenueFromContractWithCustomerExcludingAssessedTax,c-105,"24,210"
us-gaap:RevenueFromContractWithCustomerExcludingAssessedTax,c-106,"45,606"
us-gaap:RevenueFromContractWithCustomerExcludingAssessedTax,c-107,"46,859"
us-gaap:RevenueFromContractWithCustomerExcludingAssessedTax,c-17,458
us-gaap:RevenueFromContractWithCustomerExcludingAssessedTax,c-18,567
us-gaap:RevenueFromContractWithCustomerExcludingAssessedTax,c-19,934
us-gaap:RevenueFromContractWithCustomerExcludingAssessedTax,c-20,"1,131"
us-gaap:RevenueFromContractWithCustomerExcludingAssessedTax,c-108,148
us-gaap:RevenueFromContractWithCustomerExcludingAssessedTax,c-109,150
us-gaap:RevenueFromContractWithCustomerExcludingAssessedTax,c-110,261
us-gaap:RevenueFromContractWithCustomerExcludingAssessedTax,c-111,266
us-gaap:RevenueFromContractWithCustomerExcludingAssessedTax,c-33,"25,500"
us-gaap:RevenueFromContractWithCustomerExcludingAssessedTax,c-34,"24,927"
us-gaap:RevenueFromContractWithCustomerExcludingAssessedTax,c-1,"46,801"
us-gaap:RevenueFromContractWithCustomerExcludingAssessedTax,c-35,"48,256"
us-gaap:ContractWithCustomerLiability,c-112,3.66
us-gaap:ContractWithCustomerLiability,c-113,3.54
us-gaap:ContractWithCustomerLiabilityRevenueRecognized,c-11,482
us-gaap:ContractWithCustomerLiabilityRevenueRecognized,c-12,256
us-gaap:RevenueRemainingPerformanceObligation,c-114,940
us-gaap:RevenueRemainingPerformanceObligationExpectedTimingOfSatisfactionPeriod1,c-114,12
us-gaap:NotesReceivableNet,c-112,244
us-gaap:NotesReceivableNet,c-113,242
us-gaap:NotesReceivableNet,c-115,919
us-gaap:NotesReceivableNet,c-116,1.04
us-gaap:GuaranteeObligationsMaximumExposure,c-3,807
us-gaap:GuaranteeObligationsMaximumExposure,c-4,166
us-gaap:RevenueRemainingPerformanceObligation,c-117,4.90
us-gaap:RevenueRemainingPerformanceObligation,c-118,459
us-gaap:RevenueRemainingPerformanceObligationExpectedTimingOfSatisfactionPeriod1,c-118,12
tsla:SalesTypeAndDirectFinancingLeasesLeaseReceivablesGrossDifferenceTableTextBlock,c-1,N/A
us-gaap:SalesTypeLeaseLeaseReceivable,c-3,628
us-gaap:SalesTypeLeaseLeaseReceivable,c-4,780
tsla:SalesTypeLeaseUnearnedInterestIncome,c-3,55
tsla:SalesTypeLeaseUnearnedInterestIncome,c-4,78
us-gaap:SalesTypeLeaseNetInvestmentInLeaseAllowanceForCreditLoss,c-3,6
us-gaap:SalesTypeLeaseNetInvestmentInLeaseAllowanceForCreditLoss,c-4,6
us-gaap:SalesTypeLeaseNetInvestmentInLease,c-3,567
us-gaap:SalesTypeLeaseNetInvestmentInLease,c-4,696
us-gaap:SalesTypeLeaseNetInvestmentInLease,c-119,177
us-gaap:SalesTypeLeaseNetInvestmentInLease,c-120,189
us-gaap:SalesTypeLeaseNetInvestmentInLease,c-121,390
us-gaap:SalesTypeLeaseNetInvestmentInLease,c-122,507
us-gaap:SalesTypeLeaseNetInvestmentInLease,c-3,567
us-gaap:SalesTypeLeaseNetInvestmentInLease,c-4,696
us-gaap:ContractWithCustomerLiability,c-123,1.49
us-gaap:ContractWithCustomerLiability,c-124,1.60
us-gaap:ContractWithCustomerLiabilityRevenueRecognized,c-125,873
us-gaap:ContractWithCustomerLiabilityRevenueRecognized,c-126,329
us-gaap:RevenueRemainingPerformanceObligation,c-3,5.71
us-gaap:RevenueRemainingPerformanceObligation,c-127,2.56
us-gaap:RevenueRemainingPerformanceObligationExpectedTimingOfSatisfactionPeriod1,c-127,12
us-gaap:NotesReceivableNet,c-123,28
us-gaap:NotesReceivableNet,c-124,31
us-gaap:NotesReceivableNet,c-128,626
us-gaap:NotesReceivableNet,c-129,578
us-gaap:IncomeTaxPolicyTextBlock,c-1,N/A
us-gaap:ScheduleOfEarningsPerShareBasicAndDilutedTableTextBlock,c-1,N/A
us-gaap:NetIncomeLoss,c-33,"1,478"
us-gaap:NetIncomeLoss,c-34,"2,703"
us-gaap:NetIncomeLoss,c-1,"2,607"
us-gaap:NetIncomeLoss,c-35,"5,216"
tsla:BuyOutOfNoncontrollingInterest,c-33,—
tsla:BuyOutOfNoncontrollingInterest,c-34,—
tsla:BuyOutOfNoncontrollingInterest,c-1,42
tsla:BuyOutOfNoncontrollingInterest,c-35,5
us-gaap:NetIncomeLossAvailableToCommonStockholdersDiluted,c-33,N/A
us-gaap:NetIncomeLossAvailableToCommonStockholdersBasic,c-33,"1,478"
us-gaap:NetIncomeLossAvailableToCommonStockholdersDiluted,c-34,N/A
us-gaap:NetIncomeLossAvailableToCommonStockholdersBasic,c-34,"2,703"
us-gaap:NetIncomeLossAvailableToCommonStockholdersDiluted,c-1,N/A
us-gaap:NetIncomeLossAvailableToCommonStockholdersBasic,c-1,"2,649"
us-gaap:NetIncomeLossAvailableToCommonStockholdersDiluted,c-35,N/A
us-gaap:NetIncomeLossAvailableToCommonStockholdersBasic,c-35,"5,221"
us-gaap:WeightedAverageNumberOfSharesOutstandingBasic,c-33,"3,191"
us-gaap:WeightedAverageNumberOfSharesOutstandingBasic,c-34,"3,171"
us-gaap:WeightedAverageNumberOfSharesOutstandingBasic,c-1,"3,189"
us-gaap:WeightedAverageNumberOfSharesOutstandingBasic,c-35,"3,168"
us-gaap:IncrementalCommonSharesAttributableToShareBasedPaymentArrangements,c-33,278
us-gaap:IncrementalCommonSharesAttributableToShareBasedPaymentArrangements,c-34,294
us-gaap:IncrementalCommonSharesAttributableToShareBasedPaymentArrangements,c-1,282
us-gaap:IncrementalCommonSharesAttributableToShareBasedPaymentArrangements,c-35,292
us-gaap:IncrementalCommonSharesAttributableToConversionOfDebtSecurities,c-33,1
us-gaap:IncrementalCommonSharesAttributableToConversionOfDebtSecurities,c-34,2
us-gaap:IncrementalCommonSharesAttributableToConversionOfDebtSecurities,c-1,1
us-gaap:IncrementalCommonSharesAttributableToConversionOfDebtSecurities,c-35,2
us-gaap:IncrementalCommonSharesAttributableToCallOptionsAndWarrants,c-33,11
us-gaap:IncrementalCommonSharesAttributableToCallOptionsAndWarrants,c-34,11
us-gaap:IncrementalCommonSharesAttributableToCallOptionsAndWarrants,c-1,11
us-gaap:IncrementalCommonSharesAttributableToCallOptionsAndWarrants,c-35,11
us-gaap:WeightedAverageNumberOfDilutedSharesOutstanding,c-33,"3,481"
us-gaap:WeightedAverageNumberOfDilutedSharesOutstanding,c-34,"3,478"
us-gaap:WeightedAverageNumberOfDilutedSharesOutstanding,c-1,"3,483"
us-gaap:WeightedAverageNumberOfDilutedSharesOutstanding,c-35,"3,473"
us-gaap:ScheduleOfAntidilutiveSecuritiesExcludedFromComputationOfEarningsPerShareTextBlock,c-1,N/A
us-gaap:AntidilutiveSecuritiesExcludedFromComputationOfEarningsPerShareAmount,c-130,25
us-gaap:AntidilutiveSecuritiesExcludedFromComputationOfEarningsPerShareAmount,c-131,15
us-gaap:AntidilutiveSecuritiesExcludedFromComputationOfEarningsPerShareAmount,c-132,24
us-gaap:AntidilutiveSecuritiesExcludedFromComputationOfEarningsPerShareAmount,c-133,17
tsla:ScheduleOfCashAndCashEquivalentsAndRestrictedCashTableTextBlock,c-1,N/A
us-gaap:CashAndCashEquivalentsAtCarryingValue,c-3,"14,635"
us-gaap:CashAndCashEquivalentsAtCarryingValue,c-4,"16,398"
us-gaap:CashAndCashEquivalentsAtCarryingValue,c-80,"15,296"
us-gaap:CashAndCashEquivalentsAtCarryingValue,c-87,"16,253"
us-gaap:RestrictedCashCurrent,c-3,374
us-gaap:RestrictedCashCurrent,c-4,543
us-gaap:RestrictedCashCurrent,c-80,384
us-gaap:RestrictedCashCurrent,c-87,294
us-gaap:RestrictedCashNoncurrent,c-3,345
us-gaap:RestrictedCashNoncurrent,c-4,248
us-gaap:RestrictedCashNoncurrent,c-80,199
us-gaap:RestrictedCashNoncurrent,c-87,377
us-gaap:CashCashEquivalentsRestrictedCashAndRestrictedCashEquivalentsIncludingDisposalGroupAndDiscontinuedOperations,c-3,"15,354"
us-gaap:CashCashEquivalentsRestrictedCashAndRestrictedCashEquivalentsIncludingDisposalGroupAndDiscontinuedOperations,c-4,"17,189"
us-gaap:CashCashEquivalentsRestrictedCashAndRestrictedCashEquivalentsIncludingDisposalGroupAndDiscontinuedOperations,c-80,"15,879"
us-gaap:CashCashEquivalentsRestrictedCashAndRestrictedCashEquivalentsIncludingDisposalGroupAndDiscontinuedOperations,c-87,"16,924"
us-gaap:ReceivablesPolicyTextBlock,c-1,N/A
us-gaap:AccountsReceivableNetCurrent,c-134,419
us-gaap:AccountsReceivableNetCurrent,c-135,378
us-gaap:OtherAssetsNoncurrent,c-134,44
us-gaap:OtherAssetsNoncurrent,c-135,207
us-gaap:AccountsAndNotesReceivableNet,c-3,256
us-gaap:AccountsAndNotesReceivableNet,c-4,266
us-gaap:NotesAndLoansReceivableNetCurrent,c-3,N/A
us-gaap:NotesAndLoansReceivableNetCurrent,c-4,5
us-gaap:FinancingReceivableAllowanceForCreditLosses,c-3,N/A
us-gaap:FinancingReceivableAllowanceForCreditLosses,c-4,36
us-gaap:ConcentrationRiskCreditRisk,c-1,N/A
us-gaap:ScheduleOfProductWarrantyLiabilityTableTextBlock,c-1,N/A
us-gaap:StandardProductWarrantyAccrual,c-36,"5,353"
us-gaap:StandardProductWarrantyAccrual,c-67,"3,965"
us-gaap:StandardProductWarrantyAccrual,c-4,"5,152"
us-gaap:StandardProductWarrantyAccrual,c-87,"3,505"
us-gaap:StandardProductWarrantyAccrualPayments,c-33,340
us-gaap:StandardProductWarrantyAccrualPayments,c-34,296
us-gaap:StandardProductWarrantyAccrualPayments,c-1,668
us-gaap:StandardProductWarrantyAccrualPayments,c-35,576
us-gaap:ProductWarrantyAccrualPreexistingIncreaseDecrease,c-33,72
us-gaap:ProductWarrantyAccrualPreexistingIncreaseDecrease,c-34,188
us-gaap:ProductWarrantyAccrualPreexistingIncreaseDecrease,c-1,51
us-gaap:ProductWarrantyAccrualPreexistingIncreaseDecrease,c-35,396
us-gaap:StandardProductWarrantyAccrualWarrantiesIssued,c-33,710
us-gaap:StandardProductWarrantyAccrualWarrantiesIssued,c-34,608
us-gaap:StandardProductWarrantyAccrualWarrantiesIssued,c-1,"1,260"
us-gaap:StandardProductWarrantyAccrualWarrantiesIssued,c-35,"1,140"
us-gaap:StandardProductWarrantyAccrual,c-3,"5,795"
us-gaap:StandardProductWarrantyAccrual,c-80,"4,465"
us-gaap:StandardProductWarrantyAccrual,c-3,"5,795"
us-gaap:StandardProductWarrantyAccrual,c-80,"4,465"
us-gaap:NewAccountingPronouncementsPolicyPolicyTextBlock,c-1,N/A
us-gaap:FairValueDisclosuresTextBlock,c-1,Fair Value of Financial Instruments
us-gaap:ScheduleOfFairValueAssetsAndLiabilitiesMeasuredOnRecurringBasisTableTextBlock,c-1,Our assets and liabilities that were measured at fair value on a recurring basis were as follows (in millions):
us-gaap:AvailableForSaleSecuritiesDebtSecurities,c-136,"8,488"
us-gaap:AvailableForSaleSecuritiesDebtSecurities,c-137,—
us-gaap:AvailableForSaleSecuritiesDebtSecurities,c-138,"8,488"
us-gaap:AvailableForSaleSecuritiesDebtSecurities,c-139,—
us-gaap:AvailableForSaleSecuritiesDebtSecurities,c-140,"6,996"
us-gaap:AvailableForSaleSecuritiesDebtSecurities,c-141,—
us-gaap:AvailableForSaleSecuritiesDebtSecurities,c-142,"6,996"
us-gaap:AvailableForSaleSecuritiesDebtSecurities,c-143,—
us-gaap:AvailableForSaleSecuritiesDebtSecurities,c-144,"4,311"
us-gaap:AvailableForSaleSecuritiesDebtSecurities,c-145,—
us-gaap:AvailableForSaleSecuritiesDebtSecurities,c-146,"4,311"
us-gaap:AvailableForSaleSecuritiesDebtSecurities,c-147,—
us-gaap:AvailableForSaleSecuritiesDebtSecurities,c-148,470
us-gaap:AvailableForSaleSecuritiesDebtSecurities,c-149,—
us-gaap:AvailableForSaleSecuritiesDebtSecurities,c-150,470
us-gaap:AvailableForSaleSecuritiesDebtSecurities,c-151,—
us-gaap:AvailableForSaleSecuritiesDebtSecurities,c-152,"3,312"
us-gaap:AvailableForSaleSecuritiesDebtSecurities,c-153,—
us-gaap:AvailableForSaleSecuritiesDebtSecurities,c-154,"3,312"
us-gaap:AvailableForSaleSecuritiesDebtSecurities,c-155,—
us-gaap:AvailableForSaleSecuritiesDebtSecurities,c-156,"5,136"
us-gaap:AvailableForSaleSecuritiesDebtSecurities,c-157,—
us-gaap:AvailableForSaleSecuritiesDebtSecurities,c-158,"5,136"
us-gaap:AvailableForSaleSecuritiesDebtSecurities,c-159,—
us-gaap:AvailableForSaleSecuritiesDebtSecurities,c-160,372
us-gaap:AvailableForSaleSecuritiesDebtSecurities,c-161,—
us-gaap:AvailableForSaleSecuritiesDebtSecurities,c-162,372
us-gaap:AvailableForSaleSecuritiesDebtSecurities,c-163,—
us-gaap:AvailableForSaleSecuritiesDebtSecurities,c-164,480
us-gaap:AvailableForSaleSecuritiesDebtSecurities,c-165,—
us-gaap:AvailableForSaleSecuritiesDebtSecurities,c-166,480
us-gaap:AvailableForSaleSecuritiesDebtSecurities,c-167,—
us-gaap:AvailableForSaleSecuritiesDebtSecurities,c-168,10
us-gaap:AvailableForSaleSecuritiesDebtSecurities,c-169,10
us-gaap:AvailableForSaleSecuritiesDebtSecurities,c-170,—
us-gaap:AvailableForSaleSecuritiesDebtSecurities,c-171,—
us-gaap:AvailableForSaleSecuritiesDebtSecurities,c-172,109
us-gaap:AvailableForSaleSecuritiesDebtSecurities,c-173,109
us-gaap:AvailableForSaleSecuritiesDebtSecurities,c-174,—
us-gaap:AvailableForSaleSecuritiesDebtSecurities,c-175,—
us-gaap:AssetsFairValueDisclosure,c-3,"16,493"
us-gaap:AssetsFairValueDisclosure,c-176,10
us-gaap:AssetsFairValueDisclosure,c-177,"16,483"
us-gaap:AssetsFairValueDisclosure,c-178,—
us-gaap:AssetsFairValueDisclosure,c-4,"13,191"
us-gaap:AssetsFairValueDisclosure,c-179,109
us-gaap:AssetsFairValueDisclosure,c-180,"13,082"
us-gaap:AssetsFairValueDisclosure,c-181,—
us-gaap:UnrealizedGainLossOnInvestmentsTableTextBlock,c-1,N/A
us-gaap:AvailableForSaleDebtSecuritiesAmortizedCostBasis,c-182,"14,227"
us-gaap:AvailableForSaleDebtSecuritiesAccumulatedGrossUnrealizedGainBeforeTax,c-182,—
us-gaap:AvailableForSaleDebtSecuritiesAccumulatedGrossUnrealizedLossBeforeTax,c-182,—
us-gaap:AvailableForSaleSecuritiesDebtSecurities,c-182,"14,227"
us-gaap:AvailableForSaleSecuritiesDebtSecurities,c-183,"14,227"
us-gaap:AvailableForSaleSecuritiesDebtSecurities,c-184,—
us-gaap:AvailableForSaleDebtSecuritiesAmortizedCostBasis,c-136,"8,488"
us-gaap:AvailableForSaleDebtSecuritiesAccumulatedGrossUnrealizedGainBeforeTax,c-136,—
us-gaap:AvailableForSaleDebtSecuritiesAccumulatedGrossUnrealizedLossBeforeTax,c-136,—
us-gaap:AvailableForSaleSecuritiesDebtSecurities,c-136,"8,488"
us-gaap:AvailableForSaleSecuritiesDebtSecurities,c-185,—
us-gaap:AvailableForSaleSecuritiesDebtSecurities,c-186,"8,488"
us-gaap:AvailableForSaleDebtSecuritiesAmortizedCostBasis,c-144,"4,311"
us-gaap:AvailableForSaleDebtSecuritiesAccumulatedGrossUnrealizedGainBeforeTax,c-144,2
us-gaap:AvailableForSaleDebtSecuritiesAccumulatedGrossUnrealizedLossBeforeTax,c-144,2
us-gaap:AvailableForSaleSecuritiesDebtSecurities,c-144,"4,311"
us-gaap:AvailableForSaleSecuritiesDebtSecurities,c-187,—
us-gaap:AvailableForSaleSecuritiesDebtSecurities,c-188,"4,311"
us-gaap:AvailableForSaleDebtSecuritiesAmortizedCostBasis,c-152,"3,314"
us-gaap:AvailableForSaleDebtSecuritiesAccumulatedGrossUnrealizedGainBeforeTax,c-152,—
us-gaap:AvailableForSaleDebtSecuritiesAccumulatedGrossUnrealizedLossBeforeTax,c-152,2
us-gaap:AvailableForSaleSecuritiesDebtSecurities,c-152,"3,312"
us-gaap:AvailableForSaleSecuritiesDebtSecurities,c-189,398
us-gaap:AvailableForSaleSecuritiesDebtSecurities,c-190,"2,914"
us-gaap:AvailableForSaleDebtSecuritiesAmortizedCostBasis,c-160,374
us-gaap:AvailableForSaleDebtSecuritiesAccumulatedGrossUnrealizedGainBeforeTax,c-160,—
us-gaap:AvailableForSaleDebtSecuritiesAccumulatedGrossUnrealizedLossBeforeTax,c-160,2
us-gaap:AvailableForSaleSecuritiesDebtSecurities,c-160,372
us-gaap:AvailableForSaleSecuritiesDebtSecurities,c-191,—
us-gaap:AvailableForSaleSecuritiesDebtSecurities,c-192,372
us-gaap:AvailableForSaleDebtSecuritiesAmortizedCostBasis,c-168,10
us-gaap:AvailableForSaleDebtSecuritiesAccumulatedGrossUnrealizedGainBeforeTax,c-168,—
us-gaap:AvailableForSaleDebtSecuritiesAccumulatedGrossUnrealizedLossBeforeTax,c-168,—
us-gaap:AvailableForSaleSecuritiesDebtSecurities,c-168,10
us-gaap:AvailableForSaleSecuritiesDebtSecurities,c-193,10
us-gaap:AvailableForSaleSecuritiesDebtSecurities,c-194,—
us-gaap:AvailableForSaleDebtSecuritiesAmortizedCostBasis,c-3,"30,724"
us-gaap:AvailableForSaleDebtSecuritiesAccumulatedGrossUnrealizedGainBeforeTax,c-3,2
us-gaap:AvailableForSaleDebtSecuritiesAccumulatedGrossUnrealizedLossBeforeTax,c-3,6
us-gaap:AvailableForSaleSecuritiesDebtSecurities,c-3,"30,720"
us-gaap:AvailableForSaleSecuritiesDebtSecurities,c-195,"14,635"
us-gaap:AvailableForSaleSecuritiesDebtSecurities,c-196,"16,085"
us-gaap:AvailableForSaleDebtSecuritiesAmortizedCostBasis,c-197,"15,903"
us-gaap:AvailableForSaleDebtSecuritiesAccumulatedGrossUnrealizedGainBeforeTax,c-197,—
us-gaap:AvailableForSaleDebtSecuritiesAccumulatedGrossUnrealizedLossBeforeTax,c-197,—
us-gaap:AvailableForSaleSecuritiesDebtSecurities,c-197,"15,903"
us-gaap:AvailableForSaleSecuritiesDebtSecurities,c-198,"15,903"
us-gaap:AvailableForSaleSecuritiesDebtSecurities,c-199,—
us-gaap:AvailableForSaleDebtSecuritiesAmortizedCostBasis,c-140,"6,995"
us-gaap:AvailableForSaleDebtSecuritiesAccumulatedGrossUnrealizedGainBeforeTax,c-140,1
us-gaap:AvailableForSaleDebtSecuritiesAccumulatedGrossUnrealizedLossBeforeTax,c-140,—
us-gaap:AvailableForSaleSecuritiesDebtSecurities,c-140,"6,996"
us-gaap:AvailableForSaleSecuritiesDebtSecurities,c-200,—
us-gaap:AvailableForSaleSecuritiesDebtSecurities,c-201,"6,996"
us-gaap:AvailableForSaleDebtSecuritiesAmortizedCostBasis,c-156,"5,136"
us-gaap:AvailableForSaleDebtSecuritiesAccumulatedGrossUnrealizedGainBeforeTax,c-156,1
us-gaap:AvailableForSaleDebtSecuritiesAccumulatedGrossUnrealizedLossBeforeTax,c-156,1
us-gaap:AvailableForSaleSecuritiesDebtSecurities,c-156,"5,136"
us-gaap:AvailableForSaleSecuritiesDebtSecurities,c-202,277
us-gaap:AvailableForSaleSecuritiesDebtSecurities,c-203,"4,859"
us-gaap:AvailableForSaleDebtSecuritiesAmortizedCostBasis,c-164,485
us-gaap:AvailableForSaleDebtSecuritiesAccumulatedGrossUnrealizedGainBeforeTax,c-164,1
us-gaap:AvailableForSaleDebtSecuritiesAccumulatedGrossUnrealizedLossBeforeTax,c-164,6
us-gaap:AvailableForSaleSecuritiesDebtSecurities,c-164,480
us-gaap:AvailableForSaleSecuritiesDebtSecurities,c-204,—
us-gaap:AvailableForSaleSecuritiesDebtSecurities,c-205,480
us-gaap:AvailableForSaleDebtSecuritiesAmortizedCostBasis,c-148,470
us-gaap:AvailableForSaleDebtSecuritiesAccumulatedGrossUnrealizedGainBeforeTax,c-148,—
us-gaap:AvailableForSaleDebtSecuritiesAccumulatedGrossUnrealizedLossBeforeTax,c-148,—
us-gaap:AvailableForSaleSecuritiesDebtSecurities,c-148,470
us-gaap:AvailableForSaleSecuritiesDebtSecurities,c-206,109
us-gaap:AvailableForSaleSecuritiesDebtSecurities,c-207,361
us-gaap:AvailableForSaleDebtSecuritiesAmortizedCostBasis,c-172,109
us-gaap:AvailableForSaleDebtSecuritiesAccumulatedGrossUnrealizedGainBeforeTax,c-172,—
us-gaap:AvailableForSaleDebtSecuritiesAccumulatedGrossUnrealizedLossBeforeTax,c-172,—
us-gaap:AvailableForSaleSecuritiesDebtSecurities,c-172,109
us-gaap:AvailableForSaleSecuritiesDebtSecurities,c-208,109
us-gaap:AvailableForSaleSecuritiesDebtSecurities,c-209,—
us-gaap:AvailableForSaleDebtSecuritiesAmortizedCostBasis,c-4,"29,098"
us-gaap:AvailableForSaleDebtSecuritiesAccumulatedGrossUnrealizedGainBeforeTax,c-4,3
us-gaap:AvailableForSaleDebtSecuritiesAccumulatedGrossUnrealizedLossBeforeTax,c-4,7
us-gaap:AvailableForSaleSecuritiesDebtSecurities,c-4,"29,094"
us-gaap:AvailableForSaleSecuritiesDebtSecurities,c-210,"16,398"
us-gaap:AvailableForSaleSecuritiesDebtSecurities,c-211,"12,696"
us-gaap:InvestmentsClassifiedByContractualMaturityDateTableTextBlock,c-1,N/A
us-gaap:AvailableForSaleSecuritiesDebtMaturitiesNextRollingTwelveMonthsFairValue,c-3,"15,832"
us-gaap:AvailableForSaleSecuritiesDebtMaturitiesRollingYearTwoThroughFiveFairValue,c-3,234
us-gaap:AvailableForSaleSecuritiesDebtMaturitiesRollingYearSixThroughTenFairValue,c-3,19
us-gaap:AvailableForSaleSecuritiesDebtMaturitiesSingleMaturityDate,c-3,"16,085"
us-gaap:DebtInstrumentInterestRateStatedPercentage,c-212,2.00
tsla:DebtInstrumentContractualMaturityYear,c-213,2024
us-gaap:ScheduleOfCarryingValuesAndEstimatedFairValuesOfDebtInstrumentsTableTextBlock,c-1,The following table presents the estimated fair values and the carrying values (in millions):
us-gaap:LongTermDebt,c-214,—
us-gaap:LongTermDebtFairValue,c-214,—
us-gaap:LongTermDebt,c-215,37
us-gaap:LongTermDebtFairValue,c-215,443
tsla:DigitalAssetsNetNonCurrent,c-216,184
tsla:FairMarketValueOfIntangibleAssets,c-216,722
tsla:DigitalAssetsNetNonCurrent,c-217,184
tsla:FairMarketValueOfIntangibleAssets,c-217,487
us-gaap:InventoryDisclosureTextBlock,c-1,Inventory
us-gaap:ScheduleOfInventoryCurrentTableTextBlock,c-1,N/A
us-gaap:InventoryRawMaterialsNetOfReserves,c-3,"5,768"
us-gaap:InventoryRawMaterialsNetOfReserves,c-4,"5,390"
us-gaap:InventoryWorkInProcessNetOfReserves,c-3,"1,977"
us-gaap:InventoryWorkInProcessNetOfReserves,c-4,"2,016"
us-gaap:InventoryFinishedGoodsNetOfReserves,c-3,"5,254"
us-gaap:InventoryFinishedGoodsNetOfReserves,c-4,"5,049"
us-gaap:InventoryPartsAndComponentsNetOfReserves,c-3,"1,196"
us-gaap:InventoryPartsAndComponentsNetOfReserves,c-4,"1,171"
us-gaap:InventoryNet,c-3,"14,195"
us-gaap:InventoryNet,c-4,"13,626"
us-gaap:InventoryWriteDown,c-218,29
us-gaap:InventoryWriteDown,c-219,68
us-gaap:InventoryWriteDown,c-220,66
us-gaap:InventoryWriteDown,c-221,105
us-gaap:PropertyPlantAndEquipmentDisclosureTextBlock,c-1,"Property, Plant and Equipment, Net"
us-gaap:PropertyPlantAndEquipmentTextBlock,c-1,N/A
us-gaap:PropertyPlantAndEquipmentGross,c-222,"17,363"
us-gaap:PropertyPlantAndEquipmentGross,c-223,"16,309"
us-gaap:PropertyPlantAndEquipmentGross,c-224,"10,280"
us-gaap:PropertyPlantAndEquipmentGross,c-225,"9,498"
us-gaap:PropertyPlantAndEquipmentGross,c-226,"3,398"
us-gaap:PropertyPlantAndEquipmentGross,c-227,"3,136"
us-gaap:PropertyPlantAndEquipmentGross,c-228,"3,616"
us-gaap:PropertyPlantAndEquipmentGross,c-229,"3,129"
us-gaap:PropertyPlantAndEquipmentGross,c-230,"2,649"
us-gaap:PropertyPlantAndEquipmentGross,c-231,"2,409"
us-gaap:PropertyPlantAndEquipmentGross,c-232,"2,468"
us-gaap:PropertyPlantAndEquipmentGross,c-233,"1,510"
us-gaap:PropertyPlantAndEquipmentGross,c-234,"6,776"
us-gaap:PropertyPlantAndEquipmentGross,c-235,"5,791"
us-gaap:PropertyPlantAndEquipmentGross,c-3,"46,550"
us-gaap:PropertyPlantAndEquipmentGross,c-4,"41,782"
us-gaap:AccumulatedDepreciationDepletionAndAmortizationPropertyPlantAndEquipment,c-3,"13,648"
us-gaap:AccumulatedDepreciationDepletionAndAmortizationPropertyPlantAndEquipment,c-4,"12,057"
us-gaap:PropertyPlantAndEquipmentNet,c-3,"32,902"
us-gaap:PropertyPlantAndEquipmentNet,c-4,"29,725"
us-gaap:Depreciation,c-33,981
us-gaap:Depreciation,c-1,1.91
us-gaap:Depreciation,c-34,816
us-gaap:Depreciation,c-35,1.54
us-gaap:AccountsPayableAndAccruedLiabilitiesDisclosureTextBlock,c-1,Accrued Liabilities and Other
tsla:ScheduleOfAccruedLiabilitiesAndOtherCurrentLiabilitiesTableTextBlock,c-1,Our accrued liabilities and other current liabilities consisted of the following (in millions):
tsla:AccruedPurchases,c-3,"2,428"
tsla:AccruedPurchases,c-4,"2,721"
tsla:AccruedWarrantyReserveCurrentPortion,c-3,"1,713"
tsla:AccruedWarrantyReserveCurrentPortion,c-4,"1,546"
us-gaap:EmployeeRelatedLiabilitiesCurrent,c-3,"1,487"
us-gaap:EmployeeRelatedLiabilitiesCurrent,c-4,"1,325"
us-gaap:TaxesPayableCurrent,c-3,"1,100"
us-gaap:TaxesPayableCurrent,c-4,"1,204"
tsla:CustomerDepositsLiabilitiesCurrent,c-3,949
tsla:CustomerDepositsLiabilitiesCurrent,c-4,876
us-gaap:OperatingLeaseLiabilityCurrent,c-3,748
us-gaap:OperatingLeaseLiabilityCurrent,c-4,672
tsla:SalesReturnReserveCurrent,c-3,169
tsla:SalesReturnReserveCurrent,c-4,219
us-gaap:OtherLiabilitiesCurrent,c-3,"1,022"
us-gaap:OtherLiabilitiesCurrent,c-4,517
tsla:AccruedAndOtherCurrentLiabilities,c-3,"9,616"
tsla:AccruedAndOtherCurrentLiabilities,c-4,"9,080"
us-gaap:OtherLiabilitiesDisclosureTextBlock,c-1,Other Long-Term Liabilities
us-gaap:OtherNoncurrentLiabilitiesTableTextBlock,c-1,Our other long-term liabilities consisted of the following (in millions):
us-gaap:OperatingLeaseLiabilityNoncurrent,c-3,"4,022"
us-gaap:OperatingLeaseLiabilityNoncurrent,c-4,"3,671"
tsla:AccruedWarrantyReserveNoncurrent,c-3,"4,082"
tsla:AccruedWarrantyReserveNoncurrent,c-4,"3,606"
tsla:OtherLiabilitiesMiscellaneousNoncurrent,c-3,898
tsla:OtherLiabilitiesMiscellaneousNoncurrent,c-4,876
us-gaap:OtherLiabilitiesNoncurrent,c-3,"9,002"
us-gaap:OtherLiabilitiesNoncurrent,c-4,"8,153"
us-gaap:DebtDisclosureTextBlock,c-1,Debt
us-gaap:ScheduleOfDebtTableTextBlock,c-1,N/A
us-gaap:DebtCurrent,c-236,—
us-gaap:LongTermDebt,c-236,—
us-gaap:DebtInstrumentCarryingAmount,c-236,—
us-gaap:DebtInstrumentUnusedBorrowingCapacityAmount,c-236,"5,000"
tsla:DebtInstrumentContractualMaturityMonthAndYear,c-237,January 2028
us-gaap:DebtCurrent,c-238,4
us-gaap:LongTermDebt,c-238,3
us-gaap:DebtInstrumentCarryingAmount,c-238,7
us-gaap:DebtInstrumentUnusedBorrowingCapacityAmount,c-238,4
us-gaap:DebtInstrumentInterestRateStatedPercentage,c-239,4.70
us-gaap:DebtInstrumentInterestRateStatedPercentage,c-240,5.75
tsla:DebtInstrumentContractualMaturityMonthAndYearRangeStart,c-241,March 2025
tsla:DebtInstrumentContractualMaturityMonthAndYearRangeEnd,c-241,January 2031
us-gaap:DebtCurrent,c-242,4
us-gaap:LongTermDebt,c-242,3
us-gaap:DebtInstrumentCarryingAmount,c-242,7
us-gaap:DebtInstrumentUnusedBorrowingCapacityAmount,c-242,"5,004"
us-gaap:DebtCurrent,c-243,"1,987"
us-gaap:LongTermDebt,c-243,"2,261"
us-gaap:DebtInstrumentCarryingAmount,c-243,"4,263"
us-gaap:DebtInstrumentUnusedBorrowingCapacityAmount,c-243,—
us-gaap:DebtInstrumentInterestRateStatedPercentage,c-244,1.12
us-gaap:DebtInstrumentInterestRateStatedPercentage,c-245,6.57
tsla:DebtInstrumentContractualMaturityMonthAndYearRangeStart,c-246,December 2024
tsla:DebtInstrumentContractualMaturityMonthAndYearRangeEnd,c-246,June 2035
us-gaap:DebtCurrent,c-247,—
us-gaap:LongTermDebt,c-247,"2,751"
us-gaap:DebtInstrumentCarryingAmount,c-247,"2,751"
us-gaap:DebtInstrumentUnusedBorrowingCapacityAmount,c-247,—
us-gaap:DebtInstrumentInterestRateStatedPercentage,c-247,2.27
tsla:DebtInstrumentContractualMaturityMonthAndYear,c-248,April 2025
us-gaap:DebtCurrent,c-249,29
us-gaap:LongTermDebt,c-249,317
us-gaap:DebtInstrumentCarryingAmount,c-249,355
us-gaap:DebtInstrumentUnusedBorrowingCapacityAmount,c-249,—
us-gaap:DebtInstrumentInterestRateStatedPercentage,c-250,5.25
us-gaap:DebtInstrumentInterestRateStatedPercentage,c-251,5.81
tsla:DebtInstrumentContractualMaturityMonthAndYearRangeStart,c-252,July 2033
tsla:DebtInstrumentContractualMaturityMonthAndYearRangeEnd,c-252,January 2035
us-gaap:DebtCurrent,c-253,4
us-gaap:LongTermDebt,c-253,6
us-gaap:DebtInstrumentCarryingAmount,c-253,11
us-gaap:DebtInstrumentUnusedBorrowingCapacityAmount,c-253,—
us-gaap:DebtInstrumentInterestRateStatedPercentage,c-253,4.80
tsla:DebtInstrumentContractualMaturityMonthAndYear,c-254,December 2026
us-gaap:DebtCurrent,c-255,"2,020"
us-gaap:LongTermDebt,c-255,"5,335"
us-gaap:DebtInstrumentCarryingAmount,c-255,"7,380"
us-gaap:DebtInstrumentUnusedBorrowingCapacityAmount,c-255,—
us-gaap:DebtCurrent,c-3,"2,024"
us-gaap:LongTermDebt,c-3,"5,338"
us-gaap:DebtInstrumentCarryingAmount,c-3,"7,387"
us-gaap:DebtInstrumentUnusedBorrowingCapacityAmount,c-3,"5,004"
us-gaap:FinanceLeaseLiabilityCurrent,c-3,240
us-gaap:FinanceLeaseLiabilityNoncurrent,c-3,143
tsla:LongTermDebtAndFinanceLeasesCurrent,c-3,"2,264"
tsla:LongTermDebtAndFinanceLeasesNoncurrent,c-3,"5,481"
us-gaap:DebtCurrent,c-256,37
us-gaap:LongTermDebt,c-256,—
us-gaap:DebtInstrumentCarryingAmount,c-256,37
us-gaap:DebtInstrumentUnusedBorrowingCapacityAmount,c-256,—
us-gaap:DebtInstrumentInterestRateStatedPercentage,c-256,2.00
tsla:DebtInstrumentContractualMaturityMonthAndYear,c-257,May 2024
us-gaap:DebtCurrent,c-258,—
us-gaap:LongTermDebt,c-258,—
us-gaap:DebtInstrumentCarryingAmount,c-258,—
us-gaap:DebtInstrumentUnusedBorrowingCapacityAmount,c-258,"5,000"
tsla:DebtInstrumentContractualMaturityMonthAndYear,c-259,January 2028
us-gaap:DebtCurrent,c-260,—
us-gaap:LongTermDebt,c-260,7
us-gaap:DebtInstrumentCarryingAmount,c-260,7
us-gaap:DebtInstrumentUnusedBorrowingCapacityAmount,c-260,28
us-gaap:DebtInstrumentInterestRateStatedPercentage,c-261,4.70
us-gaap:DebtInstrumentInterestRateStatedPercentage,c-262,5.75
tsla:DebtInstrumentContractualMaturityMonthAndYearRangeStart,c-263,March 2025
tsla:DebtInstrumentContractualMaturityMonthAndYearRangeEnd,c-263,January 2031
us-gaap:DebtCurrent,c-264,37
us-gaap:LongTermDebt,c-264,7
us-gaap:DebtInstrumentCarryingAmount,c-264,44
us-gaap:DebtInstrumentUnusedBorrowingCapacityAmount,c-264,"5,028"
us-gaap:DebtCurrent,c-265,"1,906"
us-gaap:LongTermDebt,c-265,"2,337"
us-gaap:DebtInstrumentCarryingAmount,c-265,"4,259"
us-gaap:DebtInstrumentUnusedBorrowingCapacityAmount,c-265,—
us-gaap:DebtInstrumentInterestRateStatedPercentage,c-266,0.60
us-gaap:DebtInstrumentInterestRateStatedPercentage,c-267,6.57
tsla:DebtInstrumentContractualMaturityMonthAndYearRangeStart,c-268,July 2024
tsla:DebtInstrumentContractualMaturityMonthAndYearRangeEnd,c-268,May 2031
us-gaap:DebtCurrent,c-269,28
us-gaap:LongTermDebt,c-269,330
us-gaap:DebtInstrumentCarryingAmount,c-269,367
us-gaap:DebtInstrumentUnusedBorrowingCapacityAmount,c-269,—
us-gaap:DebtInstrumentInterestRateStatedPercentage,c-270,5.25
us-gaap:DebtInstrumentInterestRateStatedPercentage,c-271,5.81
tsla:DebtInstrumentContractualMaturityMonthAndYearRangeStart,c-272,July 2033
tsla:DebtInstrumentContractualMaturityMonthAndYearRangeEnd,c-272,January 2035
us-gaap:DebtCurrent,c-273,4
us-gaap:LongTermDebt,c-273,8
us-gaap:DebtInstrumentCarryingAmount,c-273,13
us-gaap:DebtInstrumentUnusedBorrowingCapacityAmount,c-273,—
us-gaap:DebtInstrumentInterestRateStatedPercentage,c-273,4.80
tsla:DebtInstrumentContractualMaturityMonthAndYear,c-274,December 2026
us-gaap:DebtCurrent,c-275,"1,938"
us-gaap:LongTermDebt,c-275,"2,675"
us-gaap:DebtInstrumentCarryingAmount,c-275,"4,639"
us-gaap:DebtInstrumentUnusedBorrowingCapacityAmount,c-275,—
us-gaap:DebtCurrent,c-4,"1,975"
us-gaap:LongTermDebt,c-4,"2,682"
us-gaap:DebtInstrumentCarryingAmount,c-4,"4,683"
us-gaap:DebtInstrumentUnusedBorrowingCapacityAmount,c-4,"5,028"
us-gaap:FinanceLeaseLiabilityCurrent,c-4,398
us-gaap:FinanceLeaseLiabilityNoncurrent,c-4,175
tsla:LongTermDebtAndFinanceLeasesCurrent,c-4,"2,373"
tsla:LongTermDebtAndFinanceLeasesNoncurrent,c-4,"2,857"
us-gaap:DebtInstrumentFaceAmount,c-276,1.10
us-gaap:LineOfCreditFacilityMaximumBorrowingCapacity,c-277,20.00
us-gaap:DebtInstrumentBasisSpreadOnVariableRate1,c-278,1.18
us-gaap:ShareholdersEquityAndShareBasedPaymentsTextBlock,c-1,Equity Incentive Plans
us-gaap:EmployeeServiceShareBasedCompensationNonvestedAwardsTotalCompensationCostNotYetRecognized,c-279,506
us-gaap:ShareBasedCompensationArrangementByShareBasedPaymentAwardEquityInstrumentsOtherThanOptionsGrantsInPeriod,c-280,4.2
tsla:ShareBasedPaymentArrangementNonvestedAwardProbableOfAchievementCostNotYetRecognizedAmount,c-279,80
us-gaap:EmployeeServiceShareBasedCompensationNonvestedAwardsTotalCompensationCostNotYetRecognizedPeriodForRecognition1,c-280,4.0
us-gaap:ScheduleOfEmployeeServiceShareBasedCompensationAllocationOfRecognizedPeriodCostsTextBlock,c-1,N/A
us-gaap:AllocatedShareBasedCompensationExpense,c-218,180
us-gaap:AllocatedShareBasedCompensationExpense,c-220,181
us-gaap:AllocatedShareBasedCompensationExpense,c-219,382
us-gaap:AllocatedShareBasedCompensationExpense,c-221,373
us-gaap:AllocatedShareBasedCompensationExpense,c-281,169
us-gaap:AllocatedShareBasedCompensationExpense,c-282,168
us-gaap:AllocatedShareBasedCompensationExpense,c-283,381
us-gaap:AllocatedShareBasedCompensationExpense,c-284,302
us-gaap:AllocatedShareBasedCompensationExpense,c-285,88
us-gaap:AllocatedShareBasedCompensationExpense,c-286,96
us-gaap:AllocatedShareBasedCompensationExpense,c-287,198
us-gaap:AllocatedShareBasedCompensationExpense,c-288,188
us-gaap:AllocatedShareBasedCompensationExpense,c-289,2
us-gaap:AllocatedShareBasedCompensationExpense,c-290,—
us-gaap:AllocatedShareBasedCompensationExpense,c-291,2
us-gaap:AllocatedShareBasedCompensationExpense,c-292,—
us-gaap:AllocatedShareBasedCompensationExpense,c-33,439
us-gaap:AllocatedShareBasedCompensationExpense,c-34,445
us-gaap:AllocatedShareBasedCompensationExpense,c-1,963
us-gaap:AllocatedShareBasedCompensationExpense,c-35,863
us-gaap:IncomeTaxDisclosureTextBlock,c-1,Income Taxes
us-gaap:EffectiveIncomeTaxRateContinuingOperations,c-33,21
us-gaap:EffectiveIncomeTaxRateContinuingOperations,c-1,23
us-gaap:EffectiveIncomeTaxRateContinuingOperations,c-34,11
us-gaap:EffectiveIncomeTaxRateContinuingOperations,c-35,10
us-gaap:CommitmentsAndContingenciesDisclosureTextBlock,c-1,Commitments and Contingencies
tsla:LossContingencyDamagesSoughtShares,c-293,"29,402,900"
us-gaap:LossContingencyDamagesSoughtValue,c-293,"1,120,115.50"
tsla:LossContingencyDamagesSoughtDisinterestedVotingSharesInFavorPercentage,c-293,72
tsla:LossContingencyNumberOfPurportedStockholderClassActionsFiled,c-294,nine
us-gaap:LossContingencyNumberOfPlaintiffs,c-295,seven
tsla:NumberOfConsolidatedActions,c-295,Five
tsla:NumberOfPendingResolutions,c-295,seven
us-gaap:LossContingencyNumberOfPlaintiffs,c-296,two
tsla:AdditionalSharesClaimValue,c-297,162
tsla:NumberOfTeslaStockholders,c-298,two
tsla:NumberOfConsolidatedActions,c-299,two
us-gaap:VariableInterestEntityDisclosureTextBlock,c-1,Variable Interest Entity Arrangements
us-gaap:ScheduleOfVariableInterestEntitiesTextBlock,c-1,N/A
us-gaap:CashAndCashEquivalentsAtCarryingValue,c-300,46
us-gaap:CashAndCashEquivalentsAtCarryingValue,c-301,66
us-gaap:AccountsReceivableNetCurrent,c-300,26
us-gaap:AccountsReceivableNetCurrent,c-301,13
us-gaap:PrepaidExpenseAndOtherAssetsCurrent,c-300,269
us-gaap:PrepaidExpenseAndOtherAssetsCurrent,c-301,361
us-gaap:AssetsCurrent,c-300,341
us-gaap:AssetsCurrent,c-301,440
tsla:OperatingLeasedAssetsNet,c-302,"2,556"
tsla:OperatingLeasedAssetsNet,c-303,"3,278"
us-gaap:OtherAssetsNoncurrent,c-300,193
us-gaap:OtherAssetsNoncurrent,c-301,369
us-gaap:Assets,c-300,"3,090"
us-gaap:Assets,c-301,"4,087"
tsla:AccruedAndOtherCurrentLiabilities,c-300,31
tsla:AccruedAndOtherCurrentLiabilities,c-301,67
us-gaap:ContractWithCustomerLiabilityCurrent,c-300,7
us-gaap:ContractWithCustomerLiabilityCurrent,c-301,6
tsla:LongTermDebtAndFinanceLeasesCurrent,c-300,"1,839"
tsla:LongTermDebtAndFinanceLeasesCurrent,c-301,"1,564"
us-gaap:LiabilitiesCurrent,c-300,"1,877"
us-gaap:LiabilitiesCurrent,c-301,"1,637"
us-gaap:ContractWithCustomerLiabilityNoncurrent,c-300,83
us-gaap:ContractWithCustomerLiabilityNoncurrent,c-301,99
tsla:LongTermDebtAndFinanceLeasesNoncurrent,c-300,"1,915"
tsla:LongTermDebtAndFinanceLeasesNoncurrent,c-301,"2,041"
us-gaap:Liabilities,c-300,"3,875"
us-gaap:Liabilities,c-301,"3,777"
us-gaap:SegmentReportingDisclosureTextBlock,c-1,Segment Reporting and Information about Geographic Areas
us-gaap:NumberOfReportableSegments,c-1,N/A
us-gaap:NumberOfOperatingSegments,c-1,two
us-gaap:ReconciliationOfRevenueFromSegmentsToConsolidatedTextBlock,c-1,The following table presents revenues and gross profit by reportable segment (in millions):
us-gaap:Revenues,c-304,"22,486"
us-gaap:Revenues,c-305,"23,418"
us-gaap:Revenues,c-306,"42,152"
us-gaap:Revenues,c-307,"45,218"
us-gaap:GrossProfit,c-304,"3,838"
us-gaap:GrossProfit,c-305,"4,255"
us-gaap:GrossProfit,c-306,"7,131"
us-gaap:GrossProfit,c-307,"8,598"
us-gaap:Revenues,c-308,"3,014"
us-gaap:Revenues,c-309,"1,509"
us-gaap:Revenues,c-310,"4,649"
us-gaap:Revenues,c-311,"3,038"
us-gaap:GrossProfit,c-308,740
us-gaap:GrossProfit,c-309,278
us-gaap:GrossProfit,c-310,"1,143"
us-gaap:GrossProfit,c-311,446
us-gaap:ScheduleOfRevenueFromExternalCustomersAttributedToForeignCountriesByGeographicAreaTextBlock,c-1,N/A
us-gaap:Revenues,c-312,"13,256"
us-gaap:Revenues,c-313,"11,332"
us-gaap:Revenues,c-314,"23,018"
us-gaap:Revenues,c-315,"22,579"
us-gaap:Revenues,c-316,"4,636"
us-gaap:Revenues,c-317,"5,731"
us-gaap:Revenues,c-318,"9,228"
us-gaap:Revenues,c-319,"10,622"
us-gaap:Revenues,c-320,"7,608"
us-gaap:Revenues,c-321,"7,864"
us-gaap:Revenues,c-322,"14,555"
us-gaap:Revenues,c-323,"15,055"
us-gaap:Revenues,c-33,"25,500"
us-gaap:Revenues,c-34,"24,927"
us-gaap:Revenues,c-1,"46,801"
us-gaap:Revenues,c-35,"48,256"
us-gaap:ScheduleOfEntityWideDisclosureOnGeographicAreasLongLivedAssetsInIndividualForeignCountriesByCountryTextBlock,c-1,N/A
us-gaap:NoncurrentAssets,c-324,"29,652"
us-gaap:NoncurrentAssets,c-325,"26,629"
us-gaap:NoncurrentAssets,c-326,"4,228"
us-gaap:NoncurrentAssets,c-327,"4,258"
us-gaap:NoncurrentAssets,c-328,"4,124"
us-gaap:NoncurrentAssets,c-329,"4,067"
us-gaap:NoncurrentAssets,c-3,"38,004"
us-gaap:NoncurrentAssets,c-4,"34,954"
us-gaap:ReconciliationOfAssetsFromSegmentToConsolidatedTextBlock,c-1,N/A
us-gaap:InventoryNet,c-330,"12,192"
us-gaap:InventoryNet,c-331,"11,139"
us-gaap:InventoryNet,c-332,"2,003"
us-gaap:InventoryNet,c-333,"2,487"
us-gaap:InventoryNet,c-3,"14,195"
us-gaap:InventoryNet,c-4,"13,626"
us-gaap:RestructuringImpairmentAndOtherActivitiesDisclosureTextBlock,c-1,Restructuring and Other
us-gaap:SeveranceCosts1,c-33,583
ecd:NonRule10b51ArrAdoptedFlag,c-33,adopted
ecd:NonRule10b51ArrTrmntdFlag,c-33,terminated
ecd:MtrlTermsOfTrdArrTextBlock,c-334,On
ecd:TrdArrAdoptionDate,c-335,"May 1, 2024"
ecd:TrdArrIndName,c-335,Vaibhav Taneja
ecd:TrdArrIndTitle,c-335,Chief Financial Officer
ecd:Rule10b51ArrAdoptedFlag,c-335,adopted
ecd:TrdArrSecuritiesAggAvailAmt,c-336,"84,000"
ecd:MtrlTermsOfTrdArrTextBlock,c-337,On
ecd:TrdArrTerminationDate,c-338,"May 2, 2024"
ecd:TrdArrIndName,c-338,Kathleen Wilson-Thompson
ecd:TrdArrIndTitle,c-338,director
ecd:Rule10b51ArrTrmntdFlag,c-338,terminated
